elcollectooorr/agents/elcollectooorr,bafybeiasn6aqzzsxzdczuohmpvjxpoxmprijbyze7pdedtr73lio65n7ra
elcollectooorr/contracts/artblocks,bafybeibdgvtwjxi7rhjaubexpzw2od3zeahl7pfxbmvmyx4grat3vpzmmi
elcollectooorr/contracts/artblocks_minter_filter,bafybeiehuqgzexwz7wlcitgoz6zgp4ks4reoazq5mc3sgvgeasmsuakjbq
elcollectooorr/contracts/artblocks_periphery,bafybeicbkgpwb372na2j3khveekvdw4h34ohvpufixvuh2f4x6hdj7z52e
elcollectooorr/contracts/basket,bafybeidssctakv7oorndux32xuu7rbnkeka3nm4pylyldkfww2xtuqvqiq
elcollectooorr/contracts/basket_factory,bafybeihg43xlt66kwnwvymfwmml7d4zdh4j4m3wfnlakvz35q33wlam3ny
elcollectooorr/contracts/token_settings,bafybeifj4eky4fjlu2wkdre4ykml2inshqxdludrkna3uxribl5nxrv6ci
elcollectooorr/contracts/token_vault,bafybeifysc2r7t5h32kvck4nkeyjccyqaq7ubjizlm2zashpag4p7lyvw4
elcollectooorr/contracts/token_vault_factory,bafybeia37ppv5ogxtndcbt33ztbmer4zw7jhamlk64oqwziqdj6dnqoori
elcollectooorr/services/elcollectooorr,bafybeihpdansplhjizzuwiha22stjz64ahh6idl5wamtzpbedoytfax77a
elcollectooorr/skills/elcollectooorr_abci,bafybeicn5kkjkia3sxqnfi7pg2mefnjxttv32xelr2musmr4ofilvqa6gi
elcollectooorr/skills/fractionalize_deployment_abci,bafybeibpjqwglrjscmjnckt3pnvhx6ra2aiskgvrzftehnrxean5au45se
open_aea/connections/scaffold,bafybeifucsl5zfe4if4zfaddud77lzwgg7emv3mr3x3us57py7vbhktb24
open_aea/contracts/scaffold,bafybeiba4pdufnxve5hdkla42lixnxwfkyg7s2bvuy6zqbxjsxtaygehda
open_aea/protocols/scaffold,bafybeihhyjuqvp5zqtikkjrwtikg4fr4tsub43n777huxtpeu77g75poze
open_aea/protocols/signing,bafybeid6f5ceool4evgaxdegs5pkjoivqjk3mo3ehctalswngb5m5c32wm
open_aea/skills/scaffold,bafybeih3h7yia76rrbittnoeotpraiuho5rdqsnksuvncinaa3akgmnbaa
valory/connections/abci,bafybeibfdzfevrtiywolqeepk6yfzyvl4bbu6mghhnebkptcbhsh5fxkbu
valory/connections/http_client,bafybeicmoolrrjnt5qn7jbwon7a3b5noe6hkj7kbjj57xtfosoygkckhuy
valory/connections/ledger,bafybeibskbi7lft2htvogxrwzbix6kj2ri373ppde6bkmuabmq3z32lkxi
valory/connections/p2p_libp2p_client,bafybeigvayl4ykzqf6o6bw2irv7am3qvczjoeu7yjhzn27ajiwvcio3lxm
valory/contracts/gnosis_safe,bafybeiexiper376ji5h4wm5erzospvyikqmvw7pi5tpgrwanj5okznemqu
valory/contracts/gnosis_safe_proxy_factory,bafybeiej772sh3uuju2zsd62fz73ofg7p7ixaju6e3ahnzlbktcxoeoggy
valory/contracts/multisend,bafybeidvuabdn32lpsh3z7wb5fonotimysfsntueeb53dgil5jmiezrasq
valory/contracts/service_registry,bafybeidtwbj7mwiskbbmsw43zzooivuq6nripdzn7yuoou66rq7spom54m
valory/protocols/abci,bafybeianfguceeckwhelenmythqmbtqswll6vcaz5wwsdr7hin7ov3rvje
valory/protocols/acn,bafybeidetrrkvdgveu4ph5g6v53lbh7ardfspbkpstmjxctx647bzyosyy
valory/protocols/contract_api,bafybeigkedpmqhm7lrqusnkyfcapyx3dlkz2djfq74hou5pwtrskxgvuxu
valory/protocols/http,bafybeienmids6f5pcey2bnywmiup2faawqgmdhhz65qfciuhkntugztvpi
valory/protocols/ledger_api,bafybeif2c3jt4tim3zbfq5c2lds7bs6qj5gvj2obk3pzdk3uy6zk2ivo3e
valory/protocols/tendermint,bafybeihcnjhovvyyfbkuw5sjyfx2lfd4soeocfqzxz54g67333m6nk5gxq
valory/skills/abstract_abci,bafybeih62tn62c33bcffjrlxvvokvorli2ow4v6myij352bl3im5dhvloa
valory/skills/abstract_round_abci,bafybeihcarapqbgd7czlfyygkdjvb3zxhfkxvud7hd5owajkcwqsxa63gy
valory/skills/registration_abci,bafybeib54vcjymnqejppq6xnjvwvrcrs6ugq64prsgjo65qs6qvdn6u42a
valory/skills/reset_pause_abci,bafybeigntwmltw62wtyjn4a7vumv7dreyuxng4kfv4lw76ktqswy3rjgum
valory/skills/safe_deployment_abci,bafybeidjara6duo3cylvq4doewhqsvsjbpesva42nkxrlyqjolkbiaomte
valory/skills/transaction_settlement_abci,bafybeich2q5fktbar6wd7d2zirw7teiqxgktayl4ie42adlnbgpvccxdhq
